{
  "convergence_time": 1.032,
  "tracking_stats": {
    "mean_pos_err": 0.09235600979384866,
    "max_pos_err": 0.5995824431613603,
    "std_pos_err": 0.08836414343974687,
    "median_pos_err": 0.0730514277599619,
    "mean_yaw_err_deg": 4.331878345438179,
    "max_yaw_err_deg": 33.72157876845735,
    "samples": 706
  },
  "waypoint_results": [
    {
      "name": "WP1_south",
      "target": [
        0.0,
        -1.5
      ],
      "nav_success": false,
      "gt_pose": [
        -0.5620136566580888,
        -1.2502670050385116,
        -80.12585152332817
      ],
      "amcl_pose": [
        -0.5369804393665093,
        -1.353468480652396,
        -80.25766271749768
      ],
      "pos_error_m": 0.1061941925759154,
      "yaw_error_deg": 0.13181119416952009,
      "cov_xx": 0.3807242353907597,
      "cov_yy": 0.16196286161627804,
      "cov_yawyaw": 0.10107214212767737,
      "particle_spread": 0.7366729919082612
    },
    {
      "name": "WP2_north",
      "target": [
        0.0,
        1.5
      ],
      "nav_success": true,
      "gt_pose": [
        -0.04315222485055786,
        1.4423379067268456,
        9.962025467038137
      ],
      "amcl_pose": [
        0.14000459457977016,
        1.4275663954145015,
        15.083209958308023
      ],
      "pos_error_m": 0.18375151169523612,
      "yaw_error_deg": 5.121184491269886,
      "cov_xx": 0.12271833051776145,
      "cov_yy": 0.0969599322000314,
      "cov_yawyaw": 0.031636760710304565,
      "particle_spread": 0.46869847740087783
    },
    {
      "name": "WP3_west",
      "target": [
        -1.5,
        0.0
      ],
      "nav_success": false,
      "gt_pose": [
        -1.2686138191929555,
        -0.06017698182288167,
        91.0690352901818
      ],
      "amcl_pose": [
        -1.332418861073003,
        0.05232784393600825,
        90.22776077133547
      ],
      "pos_error_m": 0.12933839023411728,
      "yaw_error_deg": 0.8412745188463259,
      "cov_xx": 0.591268734228384,
      "cov_yy": 0.5199875180629566,
      "cov_yawyaw": 0.18098360315291065,
      "particle_spread": 1.0541613976480941
    },
    {
      "name": "WP4_east_s",
      "target": [
        1.5,
        -0.5
      ],
      "nav_success": true,
      "gt_pose": [
        1.318547683826254,
        -0.437592483254007,
        -26.167633853746086
      ],
      "amcl_pose": [
        1.3912779683330982,
        -0.43073493199426377,
        -31.788431649490306
      ],
      "pos_error_m": 0.0730528595862374,
      "yaw_error_deg": 5.620797795744222,
      "cov_xx": 0.008170434590007547,
      "cov_yy": 0.003129380894970113,
      "cov_yawyaw": 0.0013264323996666483,
      "particle_spread": 0.10630059023807194
    },
    {
      "name": "WP5_north2",
      "target": [
        0.0,
        2.5
      ],
      "nav_success": false,
      "gt_pose": [
        0.13049233132431706,
        2.404756890078464,
        71.49861359166812
      ],
      "amcl_pose": [
        0.12707174584126954,
        2.399283818908589,
        74.52742133382772
      ],
      "pos_error_m": 0.006454061750351802,
      "yaw_error_deg": 3.028807742159591,
      "cov_xx": 0.23637413681755226,
      "cov_yy": 0.08373491210983985,
      "cov_yawyaw": 0.046532643498641245,
      "particle_spread": 0.565781803284356
    },
    {
      "name": "WP6_return",
      "target": [
        0.0,
        0.0
      ],
      "nav_success": true,
      "gt_pose": [
        -0.05264841774921589,
        0.09884531084475982,
        27.913213132124394
      ],
      "amcl_pose": [
        -0.038501621207613655,
        0.1338773941858779,
        37.29415452048428
      ],
      "pos_error_m": 0.03778066589683845,
      "yaw_error_deg": 9.380941388359885,
      "cov_xx": 0.012189295718949488,
      "cov_yy": 0.14238958368743437,
      "cov_yawyaw": 0.022547643715879147,
      "particle_spread": 0.39316520625098067
    }
  ]
}