{
  "convergence_time": 1.052,
  "tracking_stats": {
    "mean_pos_err": 0.06813044140312029,
    "max_pos_err": 0.3634337288834011,
    "std_pos_err": 0.06179712637121711,
    "median_pos_err": 0.05180835610426607,
    "mean_yaw_err_deg": 2.9343862841624535,
    "max_yaw_err_deg": 17.067318353872324,
    "samples": 1084
  },
  "waypoint_results": [
    {
      "name": "WP1_south",
      "target": [
        0.0,
        -1.5
      ],
      "nav_success": false,
      "gt_pose": [
        -0.5579442309638476,
        -1.3006588730528588,
        -86.67947637531084
      ],
      "amcl_pose": [
        -0.6395045966689132,
        -1.2117865839810344,
        -86.7212761834006
      ],
      "pos_error_m": 0.12062494360127159,
      "yaw_error_deg": 0.04179980808976085,
      "cov_xx": 0.007508472699423729,
      "cov_yy": 0.0062141895403797776,
      "cov_yawyaw": 0.001852454616068208,
      "particle_spread": 0.1171437673962054
    },
    {
      "name": "WP2_north",
      "target": [
        0.0,
        1.5
      ],
      "nav_success": false,
      "gt_pose": [
        0.00033152266742360326,
        1.405125541416789,
        27.989690536423236
      ],
      "amcl_pose": [
        -0.02120805112898947,
        1.3353587858038303,
        26.11997124903096
      ],
      "pos_error_m": 0.0730161175911827,
      "yaw_error_deg": 1.869719287392275,
      "cov_xx": 0.04411762359801507,
      "cov_yy": 0.2692757069812972,
      "cov_yawyaw": 0.037921874672082204,
      "particle_spread": 0.5598154433198187
    },
    {
      "name": "WP3_west",
      "target": [
        -1.5,
        0.0
      ],
      "nav_success": false,
      "gt_pose": [
        -1.3514778083900456,
        0.08046074126218802,
        -72.06952390476897
      ],
      "amcl_pose": [
        -1.3634093974472055,
        0.08448244181833843,
        -68.06333874323917
      ],
      "pos_error_m": 0.012591143426721706,
      "yaw_error_deg": 4.006185161529796,
      "cov_xx": 0.013365449526051343,
      "cov_yy": 0.0248721558283736,
      "cov_yawyaw": 0.005626667268960252,
      "particle_spread": 0.19554438205785035
    },
    {
      "name": "WP4_east_s",
      "target": [
        1.5,
        -0.5
      ],
      "nav_success": true,
      "gt_pose": [
        1.36352495685013,
        -0.5048291608649769,
        1.6355709971639674
      ],
      "amcl_pose": [
        1.327364850215982,
        -0.5218944967949092,
        0.6587550451533368
      ],
      "pos_error_m": 0.03998473461452993,
      "yaw_error_deg": 0.9768159520106307,
      "cov_xx": 0.0005176854767809935,
      "cov_yy": 0.0009938364110373965,
      "cov_yawyaw": 0.00035562232703602114,
      "particle_spread": 0.03887829584474881
    },
    {
      "name": "WP5_north2",
      "target": [
        0.0,
        2.5
      ],
      "nav_success": true,
      "gt_pose": [
        0.24076790610349807,
        2.648733343298324,
        -23.6459909258646
      ],
      "amcl_pose": [
        -0.05264461133473313,
        2.4342761464400287,
        -17.509089789625452
      ],
      "pos_error_m": 0.3634319670498978,
      "yaw_error_deg": 6.136901136239147,
      "cov_xx": 1.5806634219213287,
      "cov_yy": 1.2102989393157912,
      "cov_yawyaw": 0.44344641355329717,
      "particle_spread": 1.6706173593127924
    },
    {
      "name": "WP6_return",
      "target": [
        0.0,
        0.0
      ],
      "nav_success": false,
      "gt_pose": [
        0.11698190515018853,
        0.09954590044934042,
        -70.8539266825731
      ],
      "amcl_pose": [
        0.09715808800717658,
        0.10780701709859591,
        -71.01716786491248
      ],
      "pos_error_m": 0.02147626071764311,
      "yaw_error_deg": 0.16324118233938703,
      "cov_xx": 0.08526275597175181,
      "cov_yy": 0.024180925976076635,
      "cov_yawyaw": 0.02620277413365021,
      "particle_spread": 0.33082273493190384
    }
  ]
}