{
  "convergence_time": 1.053,
  "tracking_stats": {
    "mean_pos_err": 0.06097476916151494,
    "max_pos_err": 0.3339709911808952,
    "std_pos_err": 0.047408838579998856,
    "median_pos_err": 0.053850846607502785,
    "mean_yaw_err_deg": 2.2210652210733723,
    "max_yaw_err_deg": 10.531185317586305,
    "samples": 550
  },
  "waypoint_results": [
    {
      "name": "WP1_south",
      "target": [
        0.0,
        -1.5
      ],
      "nav_success": true,
      "gt_pose": [
        -0.14595337288061921,
        -1.5470491218034799,
        -20.461866220682328
      ],
      "amcl_pose": [
        -0.21026476965503532,
        -1.5637694493042733,
        -21.83155137271937
      ],
      "pos_error_m": 0.06644941765591454,
      "yaw_error_deg": 1.3696851520370454,
      "cov_xx": 0.006075185846815316,
      "cov_yy": 0.002581817531928543,
      "cov_yawyaw": 0.0013801012761100648,
      "particle_spread": 0.09304301896820336
    },
    {
      "name": "WP2_north",
      "target": [
        0.0,
        1.5
      ],
      "nav_success": true,
      "gt_pose": [
        -0.14931571693928597,
        1.3696063935181955,
        63.04350226078564
      ],
      "amcl_pose": [
        -0.15852630546217672,
        1.3743473888830589,
        63.71521697139836
      ],
      "pos_error_m": 0.010359149481866885,
      "yaw_error_deg": 0.6717147106127253,
      "cov_xx": 0.006503565454138126,
      "cov_yy": 0.00783636550040745,
      "cov_yawyaw": 0.0014949457417330718,
      "particle_spread": 0.11974945074830076
    },
    {
      "name": "WP3_west",
      "target": [
        -1.5,
        0.0
      ],
      "nav_success": true,
      "gt_pose": [
        -1.367915118607201,
        0.15034822077579652,
        43.453479888755254
      ],
      "amcl_pose": [
        -1.3089990806890581,
        0.19150021548982482,
        38.262600519350606
      ],
      "pos_error_m": 0.07186505543666863,
      "yaw_error_deg": 5.19087936940465,
      "cov_xx": 0.0022608141993987196,
      "cov_yy": 0.003274009407419877,
      "cov_yawyaw": 0.00032120671773322115,
      "particle_spread": 0.07439639511964596
    },
    {
      "name": "WP4_east_s",
      "target": [
        1.5,
        -0.5
      ],
      "nav_success": true,
      "gt_pose": [
        1.2800888833707094,
        -0.4083588173782258,
        -17.884037964139708
      ],
      "amcl_pose": [
        1.2745922427995975,
        -0.42592672944437304,
        -19.25487843835172
      ],
      "pos_error_m": 0.018407731851911417,
      "yaw_error_deg": 1.3708404742120122,
      "cov_xx": 0.001217436895397217,
      "cov_yy": 0.0028058637399462905,
      "cov_yawyaw": 0.0004579244968206421,
      "particle_spread": 0.06342949341841095
    },
    {
      "name": "WP5_north2",
      "target": [
        0.0,
        2.5
      ],
      "nav_success": true,
      "gt_pose": [
        -0.01797172418490441,
        2.3134083594517847,
        112.67094648334478
      ],
      "amcl_pose": [
        -0.03240551238791142,
        2.2945648400948504,
        113.89564254006632
      ],
      "pos_error_m": 0.023736311079112983,
      "yaw_error_deg": 1.2246960567215481,
      "cov_xx": 0.009906555872329019,
      "cov_yy": 0.005685487267234279,
      "cov_yawyaw": 0.001218468045153393,
      "particle_spread": 0.12486810297062509
    },
    {
      "name": "WP6_return",
      "target": [
        0.0,
        0.0
      ],
      "nav_success": true,
      "gt_pose": [
        -0.11131243930880777,
        0.12228938038285478,
        92.6937380300486
      ],
      "amcl_pose": [
        -0.13125112085627963,
        0.21663552020157803,
        89.18136868416381
      ],
      "pos_error_m": 0.09643000114355267,
      "yaw_error_deg": 3.512369345884789,
      "cov_xx": 0.002205172114505157,
      "cov_yy": 0.001213531328481128,
      "cov_yawyaw": 0.0001347191125278278,
      "particle_spread": 0.05846967968943772
    }
  ]
}