%time,field.data
21412000000,2.0
24965000000,2.0
100962000000,1.7999999523162842
120367000000,1.7999999523162842
